,,,,"Règle de Bender",,,,,,,,,,,,,,,,,,,,,,,,,,,,,,,,,
Qui,"URL  source",Année,Titre,Non-applicable,Appliquée,Non-appliquée,,Commentaires,"Langue traitée",,,,,,,,,,,,,,,,,,,,,,,,,,,,
,,,,,,Déductible,Non-déductible,,en,de,fr,ja,zh,pt,ar,ko,uk,es,pl,ru,cs,fi,th,syr,sv,nl,wbp,it,hr,hch,tr,ro,hi,ur,ha,he,vi
A0,https://aclanthology.org/P79-1002.pdf,1979,"Towards a Self-Extending Parser",,,,x,"présente un programme mais qui n'est utilisé que sur de l'anglais",x,,,,,,,,,,,,,,,,,,,,,,,,,,,,
A0,https://aclanthology.org/P79-1003.pdf,1979,"Word Expert Parsing",,,,x,,x,,,,,,,,,,,,,,,,,,,,,,,,,,,,
A0,https://aclanthology.org/P79-1004.pdf,1979,"Schank/Riesbeck vs. Norman/Rumelhart: What's the Difference? ",x,,,,"compare 2 parsers (anglais)",,,,,,,,,,,,,,,,,,,,,,,,,,,,,
A0,https://aclanthology.org/P79-1006.pdf,1979,"Ungrammaticality and Extra-Grammaticality in Natural Language Understanding Systems",,,,x,,,,,,,,,,,,,,,,,,,,,,,,,,,,,,
A0,https://aclanthology.org/P79-1007.pdf,1979,"Generalized Augmented Transition Network Grammars for Generation from Semantic Networks",,,,x,,,,,,,,,,,,,,,,,,,,,,,,,,,,,,
A0,https://aclanthology.org/P79-1008.pdf,1979,"Knowledge Organization and Application: Brief Comments on Papers in the Session",x,,,,,,,,,,,,,,,,,,,,,,,,,,,,,,,,,
A0,https://aclanthology.org/P79-1009.pdf,1979,"Taxonomy, Descriptions, and Individuals in Natural Language Understanding",x,,,,,,,,,,,,,,,,,,,,,,,,,,,,,,,,,
A0,https://aclanthology.org/P79-1010.pdf,1979,"Semantics  of  Conceptual  Graphs",x,,,,,,,,,,,,,,,,,,,,,,,,,,,,,,,,,
A0,https://aclanthology.org/P79-1011.pdf,1979,"On the Automatic Transformation of Class Membership Criteria",x,,,,,,,,,,,,,,,,,,,,,,,,,,,,,,,,,
A0,https://aclanthology.org/P79-1012.pdf,1979,"A Snapshot of KDS A Knowledge Delivery System",,x,,,,x,,,,,,,,,,,,,,,,,,,,,,,,,,,,
A0,https://aclanthology.org/P80-1001.pdf,1980,"On the Spatial Uses of Prepositions",,x,,,"1x en + 1x fr (mais juste un exemple de comparaison)",x,,,,,,,,,,,,,,,,,,,,,,,,,,,,
A0,https://aclanthology.org/P80-1002.pdf,1980,"Understanding Scene Descriptions as Event Simulations",,x,,,"1x ",x,,,,,,,,,,,,,,,,,,,,,,,,,,,,
A0,https://aclanthology.org/P80-1003.pdf,1980,"On the Existence of Primitive Meaning Units",,,,x,"(ou non-applicable)",x,,,,,,,,,,,,,,,,,,,,,,,,,,,,
A0,https://aclanthology.org/P80-1004.pdf,1980,"Metaphor - A Key to Extensible Semantic Analysis ",,x,,,,x,,,,,,,,,,,,,,,,,,,,,,,,,,,,
A0,https://aclanthology.org/P80-1005.pdf,1980,"Metaphor Comprehension - A special mode of language processing? ",,,,x,,x,,,,,,,,,,,,,,,,,,,,,,,,,,,,
A0,https://aclanthology.org/P80-1010.pdf,1980,"On the Independence of Discourse Structure and Semantic Domain",,,,x,,x,,,,,,,,,,,,,,,,,,,,,,,,,,,,
A0,https://aclanthology.org/P80-1011.pdf,1980,"The  Parameters of  Conversational Style",,x,,,,x,,,,,,,,,,,,,,,,,,,,,,,,,,,,
A0,https://aclanthology.org/P80-1012.pdf,1980,"Phrase Structure Trees Bears More Fruit Than You Would Have Thought",x,,,,,,,,,,,,,,,,,,,,,,,,,,,,,,,,,
A0,https://aclanthology.org/P80-1013.pdf,1980,"Capturing Linguistic Generalizations with Metarules in an Annotated Phrase-Structure Grammar",,x,,,,x,,,,,,,,,,,,,,,,,,,,,,,,,,,,
A0,https://aclanthology.org/P80-1014.pdf,1980,"Computational Analogues of Constraints on Grammars: A Model of Syntactic Acquisition",,x,,,,x,,,,,,,,,,,,,,,,,,,,,,,,,,,,
A0,https://aclanthology.org/P81-1001.pdf,1981,"A Model of Syntactic Acquisition",,x,,,,x,x,,,,,,,,,,,,,,,,,,,,,,,,,,,
A0,https://aclanthology.org/P81-1002.pdf,1981,"Computational Complexity and Lexical Functional Grammar",x,,,,,,,,,,,,,,,,,,,,,,,,,,,,,,,,,
A0,https://aclanthology.org/P81-1003.pdf,1981,"Corepresentational Grammar and Parsing English Comparatives",,x,,,,x,,,,,,,,,,,,,,,,,,,,,,,,,,,,
A0,https://aclanthology.org/P81-1004.pdf,1981,"Performance Comparison of Component Algorithms for the Phonemicization of Orthography",,x,,,,x,,,,,,,,,,,,,,,,,,,,,,,,,,,,
A0,https://aclanthology.org/P81-1005.pdf,1981,"PHONY: A Heuristic Phonological Analyzer",x,,,,"présentation d'un programme applicable à n'importe quelle langue",,,,,,,,,,,,,,,,,,,,,,,,,,,,,
A0,https://aclanthology.org/P81-1007.pdf,1981,"Artificial Intelligence Corporation",,x,,,,x,,,,,,,,,,,,,,,,,,,,,,,,,,,,
A0,https://aclanthology.org/P81-1008.pdf,1981,"Selective Planning of Interface Evaluations",x,,,,,,,,,,,,,,,,,,,,,,,,,,,,,,,,,
A0,https://aclanthology.org/P81-1009.pdf,1981,"Field Testing the Transformational Question Answering (TQA) System",,x,,,,x,,,,,,,,,,,,,,,,,,,,,,,,,,,,
A0,https://aclanthology.org/P81-1010.pdf,1981,"What Makes Evaluation Hard?",x,,,,,,,,,,,,,,,,,,,,,,,,,,,,,,,,,
A0,https://aclanthology.org/P81-1011.pdf,1981,"Evaluation of Natural Language Interfaces to Data Base Systems",,,,x,,,,,,,,,,,,,,,,,,,,,,,,,,,,,,
A0,https://aclanthology.org/P82-1001.pdf,1982,"Translating English Into Logical Form",,x,,,"dès titre",x,,,,,,,,,,,,,,,,,,,,,,,,,,,,
A0,https://aclanthology.org/P82-1002.pdf,1982,"Linguistic and Computational Semantics",,x,,,,x,,,,,,,,,,,,,,,,,,,,,,,,,,,,
A0,https://aclanthology.org/P82-1003.pdf,1982,"The Representation of Inconsistent Information in a Dynamic Model-Theoretic Semantics",,x,,,,x,,,,,,,,,,,,,,,,,,,,,,,,,,,,
A0,https://aclanthology.org/P82-1004.pdf,1982,"What's in a Semantic Network? ",x,,,,"mentionne un autre travail sur l'anglais",,,,,,,,,,,,,,,,,,,,,,,,,,,,,
A0,https://aclanthology.org/P82-1005.pdf,1982,"Dependencies of Discourse Structure on the Modality of Communication : Telephone vs. Teletype",,,,x,,x,,,,,,,,,,,,,,,,,,,,,,,,,,,,
A0,https://aclanthology.org/P82-1006.pdf,1982,"Towards a Theory of Comprehension of Declarative Contexts",,,,x,,,,,,,,,,,,,,,,,,,,,,,,,,,,,,
A0,https://aclanthology.org/P82-1007.pdf,1982,"Natural-Language Access to Databases --Theoretical/Technical Issues",,x,,,,x,,,,,,,,,,,,,,,,,,,,,,,,,,,,
A0,https://aclanthology.org/P82-1008.pdf,1982,"Transportable Natural-Language Interfaces: Problems and Techniques",,x,,,,x,,,,,,,,,,,,,,,,,,,,,,,,,,,,
A0,https://aclanthology.org/P82-1009.pdf,1982,"Theoretical/Technical Issues in Natural Language Access to Databases",,x,,,,x,,,,,,,,,,,,,,,,,,,,,,,,,,,,
A0,https://aclanthology.org/P82-1010.pdf,1982,"English Words and Data Bases: How To Bridge the Gap",,x,,,,x,,,,,,,,,,,,,,,,,,,,,,,,,,,,
A0,https://aclanthology.org/P83-1001.pdf,1983,"Context-Freeness and the Computer Processing of Human Languages",,x,,,"mentionne aussi jap mais juste pour dire que le système devra être adapté à cette langue",x,,,,,,,,,,,,,,,,,,,,,,,,,,,,
A0,https://aclanthology.org/P83-1002.pdf,1983,"Factoring Recursion and Dependencies : an Aspect of Tree Adjoining Grammar (TAG) and a Comparison of Some Formal Properties of TAGS, GPSGS, PLGS, AND LPGS",x,,,,,,,,,,,,,,,,,,,,,,,,,,,,,,,,,
A0,https://aclanthology.org/P83-1003.pdf,1983,"Crossed Serial Dependencies: A low-power parseable extension to GPSG",,x,,,,,,,,,,,,,,,,,,,,,x,,,,,,,,,,,
A0,https://aclanthology.org/P83-1004.pdf,1983,"Formal Constraints on Metarules",,x,,,(warlpiri),x,x,,,,,,,,,,,,,,,,,x,,,,,,,,,,
A0,https://aclanthology.org/P83-1005.pdf,1983,"A Prolegomenon to Situation Semantics",,x,,,,x,,,,,,,,,,,,,,,,,,,,,,,,,,,,
A0,https://aclanthology.org/P83-1006.pdf,1983,"A Modal Temporal Logic for Reasoning about Change",x,,,,,,,,,,,,,,,,,,,,,,,,,,,,,,,,,
A0,https://aclanthology.org/P83-1007.pdf,1983,"Providing a Unified Account of Definite Noun Phrases in Discourses",,,,x,,x,,,,,,,,,,,,,,,,,,,,,,,,,,,,
A0,https://aclanthology.org/P83-1008.pdf,1983,"Using %-Calculus to Represent Meanings in Logic Grammars",,x,,,,x,,,,,,,,,,,,,,,,,,,,,,,,,,,,
A0,https://aclanthology.org/P83-1009.pdf,1983,"An Improper Treatment of Quantification in Ordinary English",,x,,,,x,,,,,,,,,,,,,,,,,,,,,,,,,,,,
A0,https://aclanthology.org/P83-1010.pdf,1983,"A Foundation for Semantic Interpretation",,x,,,,x,,,,,,,,,,,,,,,,,,,,,,,,,,,,
A0,https://aclanthology.org/P84-1001.pdf,1984,"Multilingual Text Processing in a Two-Byte Code",,x,,,"bcp de langues citées (en, fr, de, es, cz, vi, ru...)",,,,,,,,,,,,,,,,,,,,,,,,,,,,,
A0,https://aclanthology.org/P84-1002.pdf,1984,"Conveying Implicit Content in Narrative Summaries",,,,x,,x,,,,,,,,,,,,,,,,,,,,,,,,,,,,
A0,https://aclanthology.org/P84-1003.pdf,1984,"Transforming English Interfaces to Other Natural Languages: An Experiment With Portuguese",,x,,,,x,,,,,x,,,,,,,,,,,,,,,,,,,,,,,
A0,https://aclanthology.org/P84-1005.pdf,1984,"A Stochastic Approach to Sentence Parsing",,x,,,,x,,,,,,,,,,,,,,,,,,,,,,,,,,,,
A0,https://aclanthology.org/P84-1006.pdf,1984,"Bounded Context Parsing and Easy Learnability",x,,,,,,,,,,,,,,,,,,,,,,,,,,,,,,,,,
A0,https://aclanthology.org/P84-1007.pdf,1984,"The Representation of Constituent Structures for Finite-State Parsing",,x,,,,x,,,,,,,,,,,,,,,,,,,,,,,,,,,,
A0,https://aclanthology.org/P84-1008.pdf,1984,"Features and Values",,x,,,,x,x,,,,,,,,,,,,,,,,,,,,,,,,,,,
A0,https://aclanthology.org/P84-1009.pdf,1984,"Applications of a Lexicographical Data Base for German",,x,,,,,x,,,,,,,,,,,,,,,,,,,,,,,,,,,
A0,https://aclanthology.org/P84-1010.pdf,1984,"Denormalization and Cross Referencing in Theoretical Lexicography",,x,,,,x,,,,,,,,,x,,,,,,,,,,,,x,,,,,,,
A0,https://aclanthology.org/P84-1011.pdf,1984,"Lexicon Features for Japanese Syntactic Analysis  in Mu-Project-JE",,x,,,,x,,,x,,,,,,,,,,,,,,,,,,,,,,,,,
A0,https://aclanthology.org/P85-1001.pdf,1985,"Semantics of Temporal Queries and Temporal Data",,x,,,,x,,,,,,,,,,,,,,,,,,,,,,,,,,,,
A0,https://aclanthology.org/P85-1002.pdf,1985,"Temporal Inferences in Medical Texts",,x,,,,x,,,,,,,,,,,,,,,,,,,,,,,,,,,,
A0,https://aclanthology.org/P85-1003.pdf,1985,"Tense, Aspect and the Cognitive Representation of Time ",,x,,,,x,,,,,,,,,,,,,,,,,,,,,,,,,,,,
A0,https://aclanthology.org/P85-1004.pdf,1985,"Classification of Modality Function and its Application to Japanese Language Analysis",,x,,,,,,,x,,,,,,,,,,,,,,,,,,,,,,,,,
A0,https://aclanthology.org/P85-1005.pdf,1985,"Universality and Individuality: The Interaction of Noun Phrase Determiners in Copular Clauses",,x,,,,x,,,,,,,,,,,,,,,,,,,,,,,,,,,,
A0,https://aclanthology.org/P85-1013.pdf,1985,"Modular Logic Grammars",,x,,,"ou non-applicable car formalisme logique (mais appliqué sur anglais)",x,,,,,,,,,,,,,,,,,,,,,,,,,,,,
A0,https://aclanthology.org/P85-1014.pdf,1985,"New Approaches to Parsing Conjunctions Using Prolog",,,,x,,x,,,,,,,,,,,,,,,,,,,,,,,,,,,,
A0,https://aclanthology.org/P85-1015.pdf,1985,"Parsing with Discontinuous Constituents",,x,,,,x,,,,,,,,,,,,,,,,,,,,,,,,,,,,
A0,https://aclanthology.org/P85-1016.pdf,1985,"Structure Sharing with Binary Trees",x,,,,,,,,,,,,,,,,,,,,,,,,,,,,,,,,,
A0,https://aclanthology.org/P85-1017.pdf,1985,"A Structure-Sharing Representation for Unification-Based Grammar Formalisms",x,,,,,,,,,,,,,,,,,,,,,,,,,,,,,,,,,
A0,https://aclanthology.org/P86-1001.pdf,1986,"Tutorial Abstracts",,,,x,"présente un futur travail mais sans dire quelle-s langue-s seront étudiées",,,,,,,,,,,,,,,,,,,,,,,,,,,,,
A0,https://aclanthology.org/P86-1002.pdf,1986,"Bringing Natural Language Processing to the Microcomputer Market",,x,,,,x,,,,,,,,,,,,,,,,,,,,,,,,,,,,
A0,https://aclanthology.org/P86-1003.pdf,1986,"Time and Tense in English",,x,,,,x,,,,,,,,,,,,,,,,,,,,,,,,,,,,
A0,https://aclanthology.org/P86-1004.pdf,1986,"Recovering Implicit Information",,x,,,,x,,,,,,,,,,,,,,,,,,,,,,,,,,,,
A0,https://aclanthology.org/P86-1005.pdf,1986,"Semantic Acquisition In TELI: A Transportable, User-Customized Natural Language Processor",,x,,,,x,,,,,,,,,,,,,,,,,,,,,,,,,,,,
A0,https://aclanthology.org/P86-1006.pdf,1986,"Computational Complexity of Current GPSG Theory",x,,,,,,,,,,,,,,,,,,,,,,,,,,,,,,,,,
A0,https://aclanthology.org/P86-1007.pdf,1986,"Defining Natural Language Grammar in GPSG",x,,,,,,,,,,,,,,,,,,,,,,,,,,,,,,,,,
A0,https://aclanthology.org/P86-1008.pdf,1986,"Constraint Propagation in Kimmo Systems",,x,,,,x,,,,,,,,,,,,,,,,,,x,,,,x,,,,,,
A0,https://aclanthology.org/P86-1009.pdf,1986,"Computational Complexity in Two-Level Morphology",,x,,,,x,,,,,,,,,,,,,,,,,,,,,,,,,,,,
A0,https://aclanthology.org/P86-1010.pdf,1986,"Parsing a Free-Word Order Language: Warlpiri",,x,,,,,,,,,,,,,,,,,,,,,,x,,,,,,,,,,
A0,https://aclanthology.org/P87-1001.pdf,1987,"Temporal Ontology in Natural Language",,x,,,,x,,,,,,,,,,,,,,,,,,,,,,,,,,,,
A0,https://aclanthology.org/P87-1002.pdf,1987,"A Compositional Semantics of Temporal Expressions in English",,x,,,,x,,,,,,,,,,,,,,,,,,,,,,,,,,,,
A0,https://aclanthology.org/P87-1003.pdf,1987,"Situations and Intervals",,x,,,,x,,,,,,,,,,,,,,,,,,,,,,,,,,,,
A0,https://aclanthology.org/P87-1004.pdf,1987,"JETR: A Robust Machine Translation System",,x,,,,x,,,x,,,,,,,,,,,,,,,,,,,,,,,,,
A0,https://aclanthology.org/P87-1005.pdf,1987,"An Environment for Acquiring Semantic Information",,x,,,,x,,,,,,,,,,,,,,,,,,,,,,,,,,,,
A0,https://aclanthology.org/P87-1006.pdf,1987,"Grammatical and Ungrammatical Structures in User-Adviser Dialogues: Evidence for Sufficiency of Restricted Languages in Natural Language Interfaces to Advisory Systems",,x,,,,x,,,,,,,,,,,,,,,,,,,,,,,,,,,,
A0,https://aclanthology.org/P87-1007.pdf,1987,"An Attribute-Grammar Implementation of Government-binding Theory",,x,,,,x,,,,,,,,,x,,,,,,,,,,x,,,,,,,,,
A0,https://aclanthology.org/P87-1008.pdf,1987,"Getting Idioms into a Lexicon Based Parser's Head",,x,,,,,,,,,,,,,,,,,,,,,,,x,,,,,,,,,
A0,https://aclanthology.org/P87-1009.pdf,1987,"Phrasal Analysis of Long Noun Sequences",,x,,,"langue précisée à la fin de la conclusion",x,,,,,,,,,,,,,,,,,,,,,,,,,,,,
A0,https://aclanthology.org/P87-1010.pdf,1987,"Constituent-Based Morphological Parsing: A New Approach to the Problem of Word-Recognition",,x,,,,,,,,,,,,,,,,,,,,,,x,,,,,,,,,,
A0,https://aclanthology.org/P88-1001.pdf,1988,"Adapting an English Morphological Analyzer for French",,x,,,,x,,x,,,,,,,,,,,,,,,,,,,,,,,,,,
A0,https://aclanthology.org/P88-1002.pdf,1988,"Sentence Fragments Regular Structures",,x,,,,x,,,,,,,,,,,,,,,,,,,,,,,,,,,,
A0,https://aclanthology.org/P88-1003.pdf,1988,"Multi-Level Plurals and Distributivity",,,,x,"(dans références et acronyme English-Oriented Formal Language)",x,,,,,,,,,,,,,,,,,,,,,,,,,,,,
A0,https://aclanthology.org/P88-1004.pdf,1988,"The Interpretation of Relational Nouns",,x,,,,x,,,,,,,,,,,,,,,,,,,,,,,,,,,,
A0,https://aclanthology.org/P88-1005.pdf,1988,"Quantifier Scoping in the Sri Core Language Engine",,,,x,"(ou non-applicable car de la formalisation logique mais que sur des phrases en anglais)",x,,,,,,,,,,,,,,,,,,,,,,,,,,,,
A0,https://aclanthology.org/P88-1006.pdf,1988,"A General Computational Treatment of Comparatives for Natural Language Question Answering",,x,,,,x,,,,,,,,,,,,,,,,,,,,,,,,,,,,
A0,https://aclanthology.org/P88-1007.pdf,1988,"Parsing and Interpreting Comparatives",,x,,,,x,,,,,,,,,,,,,,,,x,,,,,,,,,,,,
A0,https://aclanthology.org/P88-1008.pdf,1988,"Defining the Semantics of Verbal Modifiers in the Domain of Cooking Tasks",,x,,,,x,,,,,,,,,,,,,,,,,,,,,,,,,,,,
A0,https://aclanthology.org/P88-1009.pdf,1988,"The Interpretation of Tense and Aspect in English",,x,,,,x,,,,,,,,,,,,,,,,,,,,,,,,,,,,
A0,https://aclanthology.org/P88-1010.pdf,1988,"An Integrated Framework for Semantic and Pragmatic Interpretation",,x,,,,x,,,,,,,,,,,,,,,,,,,,,,,,,,,,
A0,https://aclanthology.org/P89-1001.pdf,1989,"A Transfer Model Using a Typed Feature Structure Rewriting System With Inheritance",,x,,,,x,,,x,,,,,,,,,,,,,,,,,,,,,,,,,
A0,https://aclanthology.org/P89-1002.pdf,1989,"A Semantic-Head-Driven Generation Algorithm for Unification-Based Formalisms ",,x,,,"précisé que pour néerlandais mais pas anglais",x,,,,,,,,,,,,,,,,,x,,,,,,,,,,,
A0,https://aclanthology.org/P89-1003.pdf,1989,"A Three-Valued Interpretation of Negation in Feature Structure Descriptions",x,,,,,,,,,,,,,,,,,,,,,,,,,,,,,,,,,
A0,https://aclanthology.org/P89-1004.pdf,1989,"Logical Forms in the Core Language Engine",,x,,,,x,,,,,,,,,,,,,,,,,,,,,,,,,,,,
A0,https://aclanthology.org/P89-1005.pdf,1989,"Abstract Unification-Based Semantic Interpretation ",x,,,,"(ou appliquée car 1x anglais mais formalisation logique)",,,,,,,,,,,,,,,,,,,,,,,,,,,,,
A0,https://aclanthology.org/P89-1006.pdf,1989,"Reference to Locations",,,,x,,x,,,,,,,,,,,,,,,,,,,,,,,,,,,,
A0,https://aclanthology.org/P89-1007.pdf,1989,"Getting at Discourse Referents",,x,,,,x,,,,,,,,,,,,,,,,,,,,,,,,,,,,
A0,https://aclanthology.org/P89-1008.pdf,1989,"Conversationally Relevant Descriptions",,,,x,,x,,,,,,,,,,,,,,,,,,,,,,,,,,,,
A0,https://aclanthology.org/P89-1009.pdf,1989,"Cooking Up Referring Expressions",,,,x,,x,,,,,,,,,,,,,,,,,,,,,,,,,,,,
A0,https://aclanthology.org/P89-1010.pdf,1989,"Word Association Norms, Mutual Information, and Lexicography",,x,,,,x,,,,,,,,,,,,,,,,,,,,,,,,,,,,
A0,https://aclanthology.org/P90-1001.pdf,1990,"Polynomial Time Parsing of Combinatory Categorial Grammars",x,,,,,,,,,,,,,,,,,,,,,,,,,,,,,,,,,
A0,https://aclanthology.org/P90-1002.pdf,1990,"Structure and Intonation in Spoken Language Understanding",,x,,,,x,,,,,,,,,,,,,,,,,,,,,,,,,,,,
A0,https://aclanthology.org/P90-1003.pdf,1990,"Prosody, Syntax and Parising",,,,x,,x,,,,,,,,,,,,,,,,,,,,,,,,,,,,
A0,https://aclanthology.org/P90-1004.pdf,1990,"Empirical Study of Predictive Powers of Simple Attachment Schemes for Post-modifier Prepositional  Phrases",,,,x,"cite une référence (""a complete grammar of english"") dans l'article",x,,,,,,,,,,,,,,,,,,,,,,,,,,,,
A0,https://aclanthology.org/P90-1005.pdf,1990,"Structural Disambiguation with Constraint Propagation",x,,,,"(à vérifier, théorique mais qq ex anglais)",,,,,,,,,,,,,,,,,,,,,,,,,,,,,
A0,https://aclanthology.org/P90-1006.pdf,1990,"Memory Capacity and Sentence Processing",x,,,,,,,,,,,,,,,,,,,,,,,,,,,,,,,,,
A0,https://aclanthology.org/P90-1007.pdf,1990,"Transforming Syntactic Graphs into Semantic Graphs",,,,x,,x,,,,,,,,,,,,,,,,,,,,,,,,,,,,
A0,https://aclanthology.org/P90-1008.pdf,1990,"A Compositional Semantics for Focusing Subjuncts",,x,,,,x,,,,,,,,,,,,,,,,,,,,,,,,,,,,
A0,https://aclanthology.org/P90-1009.pdf,1990,"Designer Definites in Logical Form",,,,x,,x,,,,,,,,,,,,,,,,,,,,,,,,,,,,
A0,https://aclanthology.org/P90-1010.pdf,1990,"Mixed Initiative in Dialogue: An Investigation into Discourse Segmentation",,,,x,,x,,,,,,,,,,,,,,,,,,,,,,,,,,,,
A0,https://aclanthology.org/P91-1001.pdf,1991,"Resolution of Collective-Distributive Ambiguity Using Model-Based Reasoning",x,,,,,,,,,,,,,,,,,,,,,,,,,,,,,,,,,
A0,https://aclanthology.org/P91-1002.pdf,1991,"Inclusion, Disjointness and Choice: the Logic of Linguistic Classification",x,,,,,,,,,,,,,,,,,,,,,,,,,,,,,,,,,
A0,https://aclanthology.org/P91-1003.pdf,1991,"Event-building through Role-filling and Anaphora Resolution",,,,x,,x,,,,,,,,,,,,,,,,,,,,,,,,,,,,
A0,https://aclanthology.org/P91-1004.pdf,1991,"Toward a Plan-Based Understanding Model for Mixed-Initiative Dialogues",,x,,,,,,,x,,,,,,x,,,,,,,,,,,,,,,,,,,
A0,https://aclanthology.org/P91-1005.pdf,1991,"An Algorithm for Plan Recognition in Collaborative Discourse",x,,,,"théorique mais qq exemples pour illustrer en anglais",,,,,,,,,,,,,,,,,,,,,,,,,,,,,
A0,https://aclanthology.org/P91-1006.pdf,1991,"A Three-Level Model for Plan Exploration",,,,x,,x,,,,,,,,,,,,,,,,,,,,,,,,,,,,
A0,https://aclanthology.org/P91-1007.pdf,1991,"A Tripartite Plan-Based Model of Dialogue",,,,x,,x,,,,,,,,,,,,,,,,,,,,,,,,,,,,
A0,https://aclanthology.org/P91-1008.pdf,1991,"Discourse Relations and Defeasible Knowledge",,,,x,,x,,,,,,,,,,,,,,,,,,,,,,,,,,,,
A0,https://aclanthology.org/P91-1009.pdf,1991,"Some Facts about Centers, Indexicals, and Demonstratives",,x,,,,x,,,,,,,,,,,,,,,,,,,,,,,,,,,,
A0,https://aclanthology.org/P91-1010.pdf,1991,"Type-Raising and Directionality in Combinatory Grammar",,x,,,,x,,,,,,,,,,,,,,,,,,,,,,,,,,,,
A0,https://aclanthology.org/P92-1001.pdf,1992,"Inferring Discourse Relations in Context",,,,x,"seulement sur ex anglais",x,,,,,,,,,,,,,,,,,,,,,,,,,,,,
A0,https://aclanthology.org/P92-1002.pdf,1992,"An Algorithm for VP Ellipsis",,,x,,"Brown Corpus",x,,,,,,,,,,,,,,,,,,,,,,,,,,,,
A0,https://aclanthology.org/P92-1003.pdf,1992,"A Simple but Useful Approach to Conjuct Identification",,,,x,"Merck Veterinary manual (pas dans lremap)",,,,,,,,,,,,,,,,,,,,,,,,,,,,,
A0,https://aclanthology.org/P92-1004.pdf,1992,"The Representation of Multimodal User Interface Dialogues Using Discourse Pegs",,x,,,"peut-être que la règle est + appliquée quand l'un.e des auteur.ices n'est pas anglophone natif ?",x,,,,,,,,,,,,,,,,,,,,,,,,,,,,
A0,https://aclanthology.org/P92-1005.pdf,1992,"Monotonic Semantic Interpretation",x,,,,"""[...] but that is a specific linguistic claim about verb phrase ellipsis in English and not central to the present paper.""",,,,,,,,,,,,,,,,,,,,,,,,,,,,,
A0,https://aclanthology.org/P92-1006.pdf,1992,"Efficiency, Robustness and Accuracy in Picky Chart Parsing",x,,,,,,,,,,,,,,,,,,,,,,,,,,,,,,,,,
A0,https://aclanthology.org/P92-1007.pdf,1992,"A Functional Approach to Generation with TAG",x,,,,,,,,,,,,,,,,,,,,,,,,,,,,,,,,,
A0,https://aclanthology.org/P92-1008.pdf,1992,"Integrating Multiple Knowledge Sources for Detection and Correction of Repairs in Human-Computer Dialog",,,,x,,x,,,,,,,,,,,,,,,,,,,,,,,,,,,,
A0,https://aclanthology.org/P92-1009.pdf,1992,"Conversational Implicatures in Indirect Replies",,,,x,,x,,,,,,,,,,,,,,,,,,,,,,,,,,,,
A0,https://aclanthology.org/P92-1010.pdf,1992,"Reasoning with Descriptions of Trees",x,,,,,,,,,,,,,,,,,,,,,,,,,,,,,,,,,
A0,https://aclanthology.org/P93-1001.pdf,1993,"Char_align: A Program for Aligning Parallel Texts at the Character Level",,x,,,,x,,x,,,,,,,,,,,,,,,,,,,,,,,,,,
A0,https://aclanthology.org/P93-1002.pdf,1993,"Aligning Sentences in Bilingual Corpora Using Lexical Informaiton",,x,,,,x,,x,,,,,,,,,,,,,,,,,,,,,,,,,,
A0,https://aclanthology.org/P93-1003.pdf,1993,"An Algorithm for Finding Noun Phrase Correspondences in Bilingual Corpora",,x,,,,x,,x,,,,,,,,,,,,,,,,,,,,,,,,,,
A0,https://aclanthology.org/P93-1004.pdf,1993,"Structural Matching of Parallel Texts",,x,,,,x,,,x,,,,,,,,,,,,,,,,,,,,,,,,,
A0,https://aclanthology.org/P93-1005.pdf,1993,"Towards History-based Grammars: Using Richer Models for Probabilistic Parsing",,,,x,"utilisent ""the Treebank"" fourni par l'université de Lancaster",x,,,,,,,,,,,,,,,,,,,,,,,,,,,,
A0,https://aclanthology.org/P93-1006.pdf,1993,"Using Bracketed Parses to Evaluate a Grammar Checking Application",,x,,,,x,,,,,,,,,,,,,,,,,,,,,,,,,,,,
A0,https://aclanthology.org/P93-1007.pdf,1993,"A Speech-First Model for Repair Detection and Correction",,x,,,"1x au détour d'une phrase",x,,,,,,,,,,,,,,,,,,,,,,,,,,,,
A0,https://aclanthology.org/P93-1008.pdf,1993,"Gemini: a Natural Language System for Spoken-Language Understanding",,x,,,"présente les résultats sur l'anglais mais précise qu'il y a aussi eu des tests sur le japonais",x,,,,,,,,,,,,,,,,,,,,,,,,,,,,
A0,https://aclanthology.org/P93-1009.pdf,1993,"The Effect of Establishing Coherence in Ellipsis and Anaphora Resolution",,,,x,,x,,,,,,,,,,,,,,,,,,,,,,,,,,,,
A0,https://aclanthology.org/P93-1010.pdf,1993,"Temporal Centering",,,x,,"Brown Corpus",x,,,,,,,,,,,,,,,,,,,,,,,,,,,,
A0,https://aclanthology.org/P94-1001.pdf,1994,"Discourse Obligations in Dialogue Processing",x,,,,"qq ex anglais mais algo semble générique",,,,,,,,,,,,,,,,,,,,,,,,,,,,,
A0,https://aclanthology.org/P94-1002.pdf,1994,"Multi-Paragraph Segmentation of Expository Text",,,,x,"""the stargazer text""",x,,,,,,,,,,,,,,,,,,,,,,,,,,,,
A0,https://aclanthology.org/P94-1003.pdf,1994,"Priority Union and Generalization in Discourse Grammars",,,,x,"juste phrases d'ex en anglais",x,,,,,,,,,,,,,,,,,,,,,,,,,,,,
A0,https://aclanthology.org/P94-1004.pdf,1994,"Hidden Understanding Models of Natural Language",,,,x,"ATIS (pas dans LREmap)",x,,,,,,,,,,,,,,,,,,,,,,,,,,,,
A0,https://aclanthology.org/P94-1006.pdf,1994,"Intentions and Information in Discourse",x,,,,"qq phrases d'exemples en anglais mais théorique/logique (universel?)",,,,,,,,,,,,,,,,,,,,,,,,,,,,,
A0,https://aclanthology.org/P94-1007.pdf,1994,"Generating Precondition Expressions in Instructional Text",,,,x,,x,,,,,,,,,,,,,,,,,,,,,,,,,,,,
A0,https://aclanthology.org/P94-1008.pdf,1994,"Common Topics and Coherent Situations: Interpreting Ellipsis in the Context of Discourse Inference",,,,x,,x,,,,,,,,,,,,,,,,,,,,,,,,,,,,
A0,https://aclanthology.org/P94-1009.pdf,1994,"A Hybrid Reasoning Model for Indirect Answers",,x,,,,x,,,,,,,,,,,,,,,,,,,,,,,,,,,,
A0,https://aclanthology.org/P94-1010.pdf,1994,"A Stochastic Finite-State Word-Segmentation Algorithm for Chinese",,x,,,,,,,,x,,,,,,,,,,,,,,,,,,,,,,,,
A0,https://aclanthology.org/P94-1011.pdf,1994,"Precise N-Grams Probabilities from Stochastic Context-Free Grammars",,,,x,"(berp corpus ?)",x,,,,,,,,,,,,,,,,,,,,,,,,,,,,
A0,https://aclanthology.org/P95-1001.pdf,1995,"Learning Phonological Rule Probabilities from Speech Corpora with Exploratory Computational Phonology",,,x,,"corpus : Wall Street Journal",x,,,,,,,,,,,,,,,,,,,,,,,,,,,,
A0,https://aclanthology.org/P95-1002.pdf,1995,"Automatic Induction of Finite State Transducers for Simple Phonological Rules ",,x,,,,,,,,,,,,,,,,,,,,,,,,,,,,,,,,
A0,https://aclanthology.org/P95-1003.pdf,1995,"The Replace Operator",x,,,,"sur expressions régulières",,,,,,,,,,,,,,,,,,,,,,,,,,,,,
A0,https://aclanthology.org/P95-1004.pdf,1995,"A Morphographemic Model for Error Correction in Nonconcatenative Strings ",,x,,,,,,,,,,x,,,,,,,,,x,,,,,,,,,,,,,
A0,https://aclanthology.org/P95-1005.pdf,1995,"Discourse Processing of Dialogues with Multiple Threads ",,x,,,,x,,,,,,,,,x,,,,,,,,,,,,,,,,,,,
A0,https://aclanthology.org/P95-1006.pdf,1995,"Robust Parsing Based on Discourse Information: Completing partial parses of ill-formed sentences on the basis of discourse information",,x,,,,x,,,x,,,,,,,,,,,,,,,,,,,,,,,,,
A0,https://aclanthology.org/P95-1007.pdf,1995,"Corpus Statistics Meet the Noun Compound: Some Empirical Results",,,x,,WSJ,x,,,,,,,,,,,,,,,,,,,,,,,,,,,,
A0,https://aclanthology.org/P95-1008.pdf,1995,"DATR Theories and DATR Models",x,,,,,,,,,,,,,,,,,,,,,,,,,,,,,,,,,
A0,https://aclanthology.org/P95-1009.pdf,1995,"User-Defined Nonmonotonicity in Unification-Based Formalisms",,x,,,,,,,,,,,,,,,,,,,,x,,,,,,,,,,,,
A0,https://aclanthology.org/P95-1010.pdf,1995,"Features and Agreement",,x,,,,x,,,,,,,,,,,,,,,,,,,,,,,,,,,,
A0,https://aclanthology.org/P96-1001.pdf,1996,"Higher-Order Coloured Unification and Natural Language Semantics",x,,,,"ex anglais mais théorique/formalisation",,,,,,,,,,,,,,,,,,,,,,,,,,,,,
A0,https://aclanthology.org/P96-1002.pdf,1996,"A Model-Theoretic Framework for Theories of Syntax",x,,,,"(anglais mentionné quand même)",,,,,,,,,,,,,,,,,,,,,,,,,,,,,
A0,https://aclanthology.org/P96-1003.pdf,1996,"Noun-Phrase Analysis in Unrestricted Text for Information Retrieval ",,x,,,,x,,,,,,,,,,,,,,,,,,,,,,,,,,,,
A0,https://aclanthology.org/P96-1004.pdf,1996,"Morphological Cues for Lexical Semantics",,x,,,,x,,,,,,,,,,,,,,,,,,,,,,,,,,,,
A0,https://aclanthology.org/P96-1005.pdf,1996,"From Submit to Submitted via Submission: On Lexical Rules in Large-Scale Lexicon Acquisition. ",,x,,,,x,,,,,,,,,x,,,,,,,,,,,,,,,,,,,
A0,https://aclanthology.org/P96-1006.pdf,1996,"Integrating Multiple Knowledge Sources to Disambiguate Word Sense: An Exemplar-Based Approach",,x,,,,x,,,,,,,,,,,,,,,,,,,,,,,,,,,,
A0,https://aclanthology.org/P96-1007.pdf,1996,"Eye Movements and Spoken Language Comprehension",,,,x,,x,,,,,,,,,,,,,,,,,,,,,,,,,,,,
A0,https://aclanthology.org/P96-1008.pdf,1996,"A Fully Statistical Approach to Natural Language Interfaces",x,,,,"(ou non-déductible car un test fait sur des corpus anglais ? ATIS?)",x,,,,,,,,,,,,,,,,,,,,,,,,,,,,
A0,https://aclanthology.org/P96-1009.pdf,1996,"A Robust System for Natural Spoken Dialogue",,x,,,,x,,,,,,,,,,,,,,,,,,,,,,,,,,,,
A0,https://aclanthology.org/P96-1010.pdf,1996,"Combining Trigram-based and Feature-based Methods for Context-Sensitive Spelling Correction",,,x,,"Brown Corpus",x,,,,,,,,,,,,,,,,,,,,,,,,,,,,
A0,https://aclanthology.org/P97-1001.pdf,1997,"Interleaving Universal Principles and Relational Constraints over Typed Feature Logic",,,,x,"ex anglais + mentionne all en conclusion mais flou ?",x,x,,,,,,,,,,,,,,,,,,,,,,,,,,,
A0,https://aclanthology.org/P97-1002.pdf,1997,"Fast Context-Free Parsing Requires Fast Boolean Matrix Multiplication ",x,,,,,,,,,,,,,,,,,,,,,,,,,,,,,,,,,
A0,https://aclanthology.org/P97-1003.pdf,1997,"Three Generative, Lexicalised Models for Statistical Parsing ",,,x,,"Wall Street Journal",x,,,,,,,,,,,,,,,,,,,,,,,,,,,,
A0,https://aclanthology.org/P97-1004.pdf,1997,"Expansion of Multi-Word Terms for Indexing and Retrieval Using Morphology and Syntax",,x,,,"(anglais mentionné en comparaison et algo testé sur anglais mais précisent que l'objet de l'article est le fr)",(x),,x,,,,,,,,,,,,,,,,,,,,,,,,,,
A0,https://aclanthology.org/P97-1005.pdf,1997,"Automatic Detection of Text Genre ",,,x,,"Brown corpus",x,,,,,,,,,,,,,,,,,,,,,,,,,,,,
A0,https://aclanthology.org/P97-1006.pdf,1997,"Document Classification Using a Finite Mixture Model",,,x,,Reuters,x,,,,,,,,,,,,,,,,,,,,,,,,,,,,
A0,https://aclanthology.org/P97-1007.pdf,1997,"Combining Unsupervised Lexical Knowledge Methodes for Word Sense Disambiguation",,x,,,,x,,x,,,,,,,x,,,,,,,,,,,,,,,,,,,
A0,https://aclanthology.org/P97-1008.pdf,1997,"Similarity-Based Methodes For Word Sense Disambiguation",,,,x,,x,,,,,,,,,,,,,,,,,,,,,,,,,,,,
A0,https://aclanthology.org/P97-1009.pdf,1997,"Using Syntactic Dependency as Local Context to Resolve Word Sense Ambiguity",,,x,,WSJ,x,,,,,,,,,,,,,,,,,,,,,,,,,,,,
A0,https://aclanthology.org/P97-1010.pdf,1997,"Homonymy and Polysemy in Information Retrieval",,,,x,,x,,,,,,,,,,,,,,,,,,,,,,,,,,,,
A0,https://aclanthology.org/P98-1001.pdf,1998,"A Quasi-Dependency Model for the Structural Analysis of Chinese BaseNPs",,x,,,"dès titre + mentionne ang mais juste pour dire que justement on ne peut pas utiliser modèles anglais",,,,,x,,,,,,,,,,,,,,,,,,,,,,,,
A0,https://aclanthology.org/P98-1002.pdf,1998,"The production of code-mixed discourse",,x,,,,x,,x,,,,x,,,x,,,,x,,,,,,,,,,,,,,,
A0,https://aclanthology.org/P98-1003.pdf,1998,"Towards a single proposal in spelling correction",,x,,,,x,,,,,,,,,,,,,,,,,,,,,,,,,,,,
A0,https://aclanthology.org/P98-1004.pdf,1998,"A Simple Hybrid Aligner for Generating Lexical Correspondences in Parallel Texts ",,x,,,,x,,,,,,,,,,,,,,,,x,,,,,,,,,,,,
A0,https://aclanthology.org/P98-1006.pdf,1998,"Automatic Acquisition of Hierarchical Transduction Models for Machine Translation ",,x,,,,x,,,,,,,,,x,,,,,,,,,,,,,,,,,,,
A0,https://aclanthology.org/P98-1007.pdf,1998,"Tense and Connective Constraints on the Expression of Causality",,x,,,,,,x,,,,,,,,,,,,,,,,,,,,,,,,,,
A0,https://aclanthology.org/P98-1008.pdf,1998,"Time Mapping with Hypergraphs",x,,,,"(ou non-déductible car des mots allemands sur les schémas)",,,,,,,,,,,,,,,,,,,,,,,,,,,,,
A0,https://aclanthology.org/P98-1009.pdf,1998,"Trainable, Scalable Summarization Using Robust NLP and Machine Learning",,,x,,"Washington Post, wordnet",x,,,,,,,,,,,,,,,,,,,,,,,,,,,,
A0,https://aclanthology.org/P98-1010.pdf,1998,"A Memory-Based Approach to Learning Shallow Natural Language Patterns",,x,,,"(futur travail sur l'hébreu)",x,,,,,,,,,,,,,,,,,,,,,,,,,,,,
A0,https://aclanthology.org/P98-1011.pdf,1998,"Evaluating a Focus-Based Approach to Anaphora Resolution",,,x,,nyt,x,,,,,,,,,,,,,,,,,,,,,,,,,,,,
A0,https://aclanthology.org/P99-1001.pdf,1999,"Untangling Text Data Mining",,,,x,flou,x,,,,,,,,,,,,,,,,,,,,,,,,,,,,
A0,https://aclanthology.org/P99-1002.pdf,1999,"Automatic Speech Recognition and its Application to Information Extraction",,x,,,"autres langues mentionnées pour previous works",,,,x,,,,,,,,,,,,,,,,,,,,,,,,,
A0,https://aclanthology.org/P99-1004.pdf,1999,"Measures of Distributional Similarity ",x,,,,"(ou non-déductible?)",,,,,,,,,,,,,,,,,,,,,,,,,,,,,
A0,https://aclanthology.org/P99-1005.pdf,1999,"Distributional Similarity Models: Clustering vs. Nearest Neighbors",,x,,,"(ou non-déductible ? mais appliqué sur de l'anglais)",x,,,,,,,,,,,,,,,,,,,,,,,,,,,,
A0,https://aclanthology.org/P99-1006.pdf,1999,"Discourse Relations: A Structural and Presuppositional Account Using Lexicalised TAG",,,,x,,x,,,,,,,,,,,,,,,,,,,,,,,,,,,,
A0,https://aclanthology.org/P99-1007.pdf,1999,"Unifying Parallels",,x,,,,x,,,,,,,,,,,,,,,,,,,,,,,,,,,,
A0,https://aclanthology.org/P99-1008.pdf,1999,"Finding Parts in Very Large Corpora",,,x,,"North American News Corpus",x,,,,,,,,,,,,,,,,,,,,,,,,,,,,
A0,https://aclanthology.org/P99-1009.pdf,1999,"Man vs. Machine: A Case Study in Base Noun Phrase Learning",,,,x,,x,,,,,,,,,,,,,,,,,,,,,,,,,,,,
A0,https://aclanthology.org/P99-1010.pdf,1999,"Supervised Grammar Induction using Training Data with Limited Constituent Information",,,x,,wsj,x,,,,,,,,,,,,,,,,,,,,,,,,,,,,
A0,https://aclanthology.org/P99-1011.pdf,1999,"A Meta-Level Grammar: Redefining Synchronous TAG for Translation and Paraphrase",,x,,,,x,,x,,,,,,,,,,,,,,,,,,,,,,,,,,
A0,https://aclanthology.org/P00-1001.pdf,2000,"Processes that Shape Conversation and their Implications for Computational Linguistics",,x,,,"juste ""native speakers of English"" (+ plein d'ex en fr)",x,,,,,,,,,,,,,,,,,,,,,,,,,,,,
A0,https://aclanthology.org/P00-1002.pdf,2000,"Generic NLP Technologies: Language, Knowledge and Information Extraction",,x,,,,x,,,x,,,,,,,,,,,,,,,,,,,,,,,,,
A0,https://aclanthology.org/P00-1004.pdf,2000,"Translation with Cascaded Finite State Transducers",,x,,,,x,x,,,,,,,,,,,,,,,,,,,,,,,,,,,
A0,https://aclanthology.org/P00-1005.pdf,2000,"Phrase-Pattern-based Korean to English Machine Translation using Two Level Translation Pattern Selection",,x,,,,x,,,,,,,x,,,,,,,,,,,,,,,,,,,,,
A0,https://aclanthology.org/P00-1006.pdf,2000,"A Maximum Entropy/Minimum Divergence Translation Model",,x,,,"ou non-applicable ? (description algo/théorique mais essais sur corpus fr-en)",x,,x,,,,,,,,,,,,,,,,,,,,,,,,,,
A0,https://aclanthology.org/P00-1007.pdf,2000,"Incorporating Compositional Evidence in Memory-Based Partial Parsing",,,x,,"penn treebank wsj",x,,,,,,,,,,,,,,,,,,,,,,,,,,,,
A0,https://aclanthology.org/P00-1008.pdf,2000,"Tree-gram Parsing Lexical Dependencies and Structural Relations",,,x,,wsj,x,,,,,,,,,,,,,,,,,,,,,,,,,,,,
A0,https://aclanthology.org/P00-1009.pdf,2000,"An Improved Parser for Data-Oriented Lexical-Functional Analysis",,,,x,,x,,,,,,,,,,,,,,,,,,,,,,,,,,,,
A0,https://aclanthology.org/P00-1010.pdf,2000,"Robust Temporal Processing of News",,,x,,nyt,,,,,,,,,,,,,,,,,,,,,,,,,,,,,
A0,https://aclanthology.org/P00-1011.pdf,2000,"Tagging Unknown Proper Names Using Decision Trees",,,x,,"le monde",,,,,,,,,,,,,,,,,,,,,,,,,,,,,
A0,https://aclanthology.org/P01-1012.pdf,2001,"Processing Broadcast Audio for Information Access",,x,,,,x,x,x,,x,x,,,,,,,,,,,,,,,,,,,,,,,
A0,https://aclanthology.org/P01-1003.pdf,2001,"Improvement of a Whole Sentence Maximum Entropy Language Model Using Grammatical Features",,,x,,"Wall Street Journal",,,,,,,,,,,,,,,,,,,,,,,,,,,,,
A0,https://aclanthology.org/P01-1004.pdf,2001,"'Low-cost, High-performance Translation Retrieval: Dumber is Better",,x,,,,x,,,x,,,,,,,,,,,,,,,,,,,,,,,,,
A0,https://aclanthology.org/P01-1005.pdf,2001,"Scaling to Very Very Large Corpora for Natural Language Disambiguation",,x,,,,x,,,,,,,,,,,,,,,,,,,,,,,,,,,,
A0,https://aclanthology.org/P01-1006.pdf,2001,"Evaluation Tool for Rule-based Anaphora Resolution Methods",,x,,,"(à vérifier)",x,,,,,,,,,,,,,,,,,,,,,,,,,,,,
A0,https://aclanthology.org/P01-1007.pdf,2001,"Guided Parsing of Range Concatenation Languages",,x,,,,x,,,,,,,,,,,,,,,,,,,,,,,,,,,,
A0,https://aclanthology.org/P01-1008.pdf,2001,"Extracting Paraphrases from a Parallel Corpus",,x,,,,x,,x,,,,,,,,,,,,,,,,,,,,,,,,,,
A0,https://aclanthology.org/P01-1009.pdf,2001,"Alternative Phrases and Natural Language Information Retrieval",,,,x,,x,,,,,,,,,,,,,,,,,,,,,,,,,,,,
A0,https://aclanthology.org/P01-1010.pdf,2001,"What is the Minimal Set of Fragments that Achieves Maximal Parse Accuracy?",,,x,,wsj,x,,,,,,,,,,,,,,,,,,,,,,,,,,,,
A0,https://aclanthology.org/P01-1011.pdf,2001,"Underspecified Beta Reduction",x,,,,,,,,,,,,,,,,,,,,,,,,,,,,,,,,,
A0,https://aclanthology.org/P02-1001.pdf,2002,"Parameter Estimation for Probabilistic Finite-State Transducers",x,,,,,,,,,,,,,,,,,,,,,,,,,,,,,,,,,
A0,https://aclanthology.org/P02-1002.pdf,2002,"Sequential Conditional Generalized Iterative Scaling",x,,,,,,,,,,,,,,,,,,,,,,,,,,,,,,,,,
A0,https://aclanthology.org/P02-1003.pdf,2002,"Generation as Dependency Parsing",x,,,,,,,,,,,,,,,,,,,,,,,,,,,,,,,,,
A0,https://aclanthology.org/P02-1004.pdf,2002,"Machine-learned contexts for linguistic operations in German sentence realization",,x,,,"étude sur l'allemand + comparaison avec anglais",x,x,,,,,,,,,,,,,,,,,,,,,,,,,,,
A0,https://aclanthology.org/P02-1006.pdf,2002,"Learning surface text patterns for a Question Answering System",,x,,,"1 mention entre parenthèses (sinon déductible = TREC)",,,,,,,,,,,,,,,,,,,,,,,,,,,,,
A0,https://aclanthology.org/P02-1007.pdf,2002,"OT Syntax: Decidability of Generation-based Optimization",,x,,,,x,,,,,,,,,,,,,,,,,,,,,,,,,,,,
A0,https://aclanthology.org/P02-1008.pdf,2002,"Comprehension and Compilation in Optimality Theory",x,,,,,,,,,,,,,,,,,,,,,,,,,,,,,,,,,
A0,https://aclanthology.org/P02-1009.pdf,2002,"Generalized Encoding of Description Spaces and its Application to Typed Feature Structures",x,,,,,,,,,,,,,,,,,,,,,,,,,,,,,,,,,
A0,https://aclanthology.org/P02-1010.pdf,2002,"Ellipsis Resolution with Underspecified Scope",,,,x,,x,,,,,,,,,,,,,,,,,,,,,,,,,,,,
A0,https://aclanthology.org/P02-1011.pdf,2002,"Resolving Pronominal Reference to Abstract Entities",,,,x,,x,,,,,,,,,,,,,,,,,,,,,,,,,,,,
A0,https://aclanthology.org/P03-1001.pdf,2003,"Offline Strategies for Online Question Answering: Answering Questions Before They Are Asked",,,x,,"TREC 9/2002 corpus, Yahoo, NYTimes, LATomes, Wall Street Journal ...",x,,,,,,,,,,,,,,,,,,,,,,,,,,,,
A0,https://aclanthology.org/P03-1002.pdf,2003,"Using Predicate-Argument Structures for Information Extraction",,,x,,PropBank,x,,,,,,,,,,,,,,,,,,,,,,,,,,,,
A0,https://aclanthology.org/P03-1003.pdf,2003,"A Noisy-Channel Approach to Question Answering",,,x,,TREC,,,,,,,,,,,,,,,,,,,,,,,,,,,,,
A0,https://aclanthology.org/P03-1004.pdf,2003,"Fast Methods for Kernel-Based Text Analysis",,x,,,,x,,,x,,,,,,,,,,,,,,,,,,,,,,,,,
A0,https://aclanthology.org/P03-1005.pdf,2003,"Hierarchical Directed Acyclic Graph Kernel: Methods for Structured Natural Language Data",,x,,,"ou non-applicable car théorie puis application/résultats pour le japonais ?",,,,x,,,,,,,,,,,,,,,,,,,,,,,,,
A0,https://aclanthology.org/P03-1006.pdf,2003,"Generalized Algorithms for Constructing Statistical Language Models",,,x,,switchboard,x,,,,,,,,,,,,,,,,,,,,,,,,,,,,
A0,https://aclanthology.org/P03-1007.pdf,2003,"Improving Subcategorization Acquisition using Word Sense Disambiguation",,x,,,,x,,,,,,,,,,,,,,,,,,,,,,,,,,,,
A0,https://aclanthology.org/P03-1008.pdf,2003,"Syntactic Features and Word Similarity for Supervised Metonymy Resolution",,,x,,"bnc, wordnet",x,,,,,,,,,,,,,,,,,,,,,,,,,,,,
A0,https://aclanthology.org/P03-1009.pdf,2003,"Clustering Polysemic Subcategorization Frame Distributions Semantically",,x,,,,x,,,,,,,,,,,,,,,,,,,,,,,,,,,,
A0,https://aclanthology.org/P03-1010.pdf,2003,"Reliable Measures for Aligning Japanese-English News Articles and Sentences",,x,,,,x,,,x,,,,,,,,,,,,,,,,,,,,,,,,,
A0,https://aclanthology.org/P04-1001.pdf,2004,"Optimization in Multimodal Interpretation",,,,x,"ou N-A mais ex anglais et parle d'une étude sur témoins sans préciser langue",x,,,,,,,,,,,,,,,,,,,,,,,,,,,,
A0,https://aclanthology.org/P04-1002.pdf,2004,"Constructivist Development of Grounded Construction Grammar",x,,,,,,,,,,,,,,,,,,,,,,,,,,,,,,,,,
A0,https://aclanthology.org/P04-1004.pdf,2004,"Analysis of Mixed Natural and Symbolic Input in Mathematical Dialogs",,x,,,,,x,,,,,,,,,,,,,,,,,,,,,,,,,,,
A0,https://aclanthology.org/P04-1005.pdf,2004,"A TAG-based noisy channel model of speech repairs",,,x,,"théorie mais modèle entraîné sur Switchboard corpus",x,,,,,,,,,,,,,,,,,,,,,,,,,,,,
A0,https://aclanthology.org/P04-1006.pdf,2004,"Attention Shifting for Parsing Speech",,,x,,"Charniak, WSJ, ...",,,,,,,,,,,,,,,,,,,,,,,,,,,,,
A0,https://aclanthology.org/P04-1007.pdf,2004,"Discriminative Language Modeling with Conditional Random Fields and the Perceptron Algorithm",,,x,,switchboard,x,,,,,,,,,,,,,,,,,,,,,,,,,,,,
A0,https://aclanthology.org/P04-1008.pdf,2004,"Statistical Modeling for Unit Selection in Speech Synthesis",,,,x,,x,,,,,,,,,,,,,,,,,,,,,,,,,,,,
A0,https://aclanthology.org/P04-1009.pdf,2004,"Developing A Flexible Spoken Dialog System Using Simulation",,,,x,,x,,,,,,,,,,,,,,,,,,,,,,,,,,,,
A0,https://aclanthology.org/P04-1010.pdf,2004,"Data-Driven Strategies for an Automated Dialogue System",,x,,,,x,,,,,,,,,,,,,,,,,,,,,,,,,,,,
A0,https://aclanthology.org/P04-1011.pdf,2004,"Trainable Sentence Planning for Complex Information Presentation in Spoken Dialog Systems",,,,x,,x,,,,,,,,,,,,,,,,,,,,,,,,,,,,
A0,https://aclanthology.org/P05-1001.pdf,2005,"A High-Performance Semi-Supervised Learning Method for Text Chunking",,x,,,,x,x,,,,,,,,,,,,,,,,,,,,,,,,,,,
A0,https://aclanthology.org/P05-1002.pdf,2005,"Scaling Conditional Random Fields Using Error-Correcting Codes",x,,,,"ou déductible car un test sur WSJ mais sujet est correction de code",,,,,,,,,,,,,,,,,,,,,,,,,,,,,
A0,https://aclanthology.org/P05-1003.pdf,2005,"Logarithmic Opinion Pools for Conditional Random Fields",x,,,,"ou déductible mais CoNLL-2000 dataset inconnu",,,,,,,,,,,,,,,,,,,,,,,,,,,,,
A0,https://aclanthology.org/P05-1004.pdf,2005,"Supersense Tagging of Unknown Nouns Using Semantic Similarity",,x,,,"1x mais sinon déductible (bcp corpus cités)",x,,,,,,,,,,,,,,,,,,,,,,,,,,,,
A0,https://aclanthology.org/P05-1005.pdf,2005,"Learning Semantic Classes for Word Sense Disambiguation",,x,,,,x,,,,,,,,,,,,,,,,,,,,,,,,,,,,
A0,https://aclanthology.org/P05-1006.pdf,2005,"The Role of Semantic Roles in Disambiguating Verb Senses",,x,,,,x,,,,,,,,,,,,,,,,,,,,,,,,,,,,
A0,https://aclanthology.org/P05-1007.pdf,2005,"Aggregation improves learning: experiments in natural language generation for intelligent tutoring systems",,x,,,,x,,,,,,,,,,,,,,,,,,,,,,,,,,,,
A0,https://aclanthology.org/P05-1008.pdf,2005,"Empirically-based Control of Natural Language Generation",,,,x,,x,,,,,,,,,,,,,,,,,,,,,,,,,,,,
A0,https://aclanthology.org/P05-1009.pdf,2005,"Towards Developing Generation Algorithms for Text-to-Text Applications",,,x,,wsj,x,,,,,,,,,,,,,,,,,,,,,,,,,,,,
A0,https://aclanthology.org/P05-1010.pdf,2005,"Probabilistic CFG with latent annotations",,,x,,"penn wsj",x,,,,,,,,,,,,,,,,,,,,,,,,,,,,
A0,https://aclanthology.org/P06-1001.pdf,2006,"Combination of Arabic Preprocessing Schemes for Statistical Machine Translation",,x,,,"corpus parallèles en/ar",x,,,,,,x,,,,,,,,,,,,,,,,,,,,,,
A0,https://aclanthology.org/P06-1002.pdf,2006,"Going Beyond AER: An Extensive Analysis of Word Alignments and Their Impact on MT",,x,,,,x,,,,x,,x,,,,,,,,,,,,,,,,,,,,,,
A0,https://aclanthology.org/P06-1003.pdf,2006,"Unsupervised Topic Modelling for Multi-Party Spoken Discourse",,,x,,"ICSI meeting corpus transcripts",x,,,,,,,,,,,,,,,,,,,,,,,,,,,,
A0,https://aclanthology.org/P06-1004.pdf,2006,"Minimum Cut Model for Spoken Lecture Segmentation",,,x,,"décrit 3 corpus sans préciser de langue mais dit qu'1 vient du Brown Corpus",x,,,,,,,,,,,,,,,,,,,,,,,,,,,,
A0,https://aclanthology.org/P06-1005.pdf,2006,"Bootstrapping Path-Based Pronoun Resolution",,,x,,ANC,x,,,,,,,,,,,,,,,,,,,,,,,,,,,,
A0,https://aclanthology.org/P06-1006.pdf,2006,"Kernel-Based Pronoun Resolution with Structured Syntactic Knowledge",,,,x,,x,,,,,,,,,,,,,,,,,,,,,,,,,,,,
A0,https://aclanthology.org/P06-1007.pdf,2006,"A Finite-State Model of Human Sentence Processing",,x,,,,x,,,,,,,,,,,,,,,,,,,,,,,,,,,,
A0,https://aclanthology.org/P06-1008.pdf,2006,"Acceptability Prediction by Means of Grammaticality Quantification",,x,,,,,,x,,,,,,,,,,,,,,,,,,,,,,,,,,
A0,https://aclanthology.org/P06-1009.pdf,2006,"Discriminative Word Alignment with Conditional Random Fields",,x,,,,x,,x,,,,,,,,,,,,,,,,,,,,,x,,,,,
A0,https://aclanthology.org/P06-1010.pdf,2006,"Named Entity Transliteration with Comparable Corpora",,x,,,,x,,,,x,,x,,,,,,,,,,,,,,,,,,,,,,
A0,https://aclanthology.org/P07-1001.pdf,2007,"Guiding Statistical Word Alignment Models With Prior Knowledge",,x,,,"présentation théorique au début mais entraîné que sur 2 langues",x,,,,,,x,,,,,,,,,,,,,,,,,,,,,,
A0,https://aclanthology.org/P07-1002.pdf,2007,"A Discriminative Syntactic Word Order Model for Machine Translation",,x,,,,x,,,x,,,,,,,,,,,,,,,,,,,,,,,,,
A0,https://aclanthology.org/P07-1003.pdf,2007,"Tailoring Word Alignments to Syntactic Machine Translation",,x,,,,x,,x,,x,,,,,,,,,,,,,,,,,,,,,,,,
A0,https://aclanthology.org/P07-1004.pdf,2007,"Transductive learning for statistical machine translation",,x,,,,x,,x,,x,,,,,,,,,,,,,,,,,,,,,,,,
A0,https://aclanthology.org/P07-1005.pdf,2007,"Word Sense Disambiguation Improves Statistical Machine Translation",,x,,,,x,,,,x,,,,,,,,,,,,,,,,,,,,,,,,
A0,https://aclanthology.org/P07-1006.pdf,2007,"Learning Expressive Models for Word Sense Disambiguation",,x,,,,x,,,,,x,,,,,,,,,,,,,,,,,,,,,,,
A0,https://aclanthology.org/P07-1007.pdf,2007,"Domain Adaptation with Active Learning for Word Sense Disambiguation",,x,,,,x,,,,,,,,,,,,,,,,,,,,,,,,,,,,
A0,https://aclanthology.org/P07-1008.pdf,2007,"Making Lexical Ontologies Functional and Context-Sensitive",,,x,,wordnet,x,,,,,,,,,,,,,,,,,,,,,,,,,,,,
A0,https://aclanthology.org/P07-1009.pdf,2007,"A Bayesian Model for Discovering Typological Implications",,x,,,"english, hindi, mandarin, russian, tukang besi, zulu",x,,,,x,,,,,,,x,,,,,,,,,,,,,x,,,,
A0,https://aclanthology.org/P07-1010.pdf,2007,"A Discriminative Language Model with Pseudo-Negative Samples",,x,,,,x,,,,,,,,,,,,,,,,,,,,,,,,,,,,
A0,https://aclanthology.org/P08-1001.pdf,2008,"Mining Wiki Resources for Multilingual Named Entity Recognition",,x,,,,x,,x,,,x,,,x,x,x,x,,,,,,,,,,,,,,,,,
A0,https://aclanthology.org/P08-1002.pdf,2008,"Distributional Identification of Non-Referential Pronouns",,x,,,"mentionne esp en perspectives + fr/de juste pour donner l'équivalent de ""it""",x,,,,,,,,,,,,,,,,,,,,,,,,,,,,
A0,https://aclanthology.org/P08-1003.pdf,2008,"Weakly-Supervised Acquisition of Open-Domain Classes and Class Attributes from Web Documents and Query Logs",,x,,,,x,,,,,,,,,,,,,,,,,,,,,,,,,,,,
A0,https://aclanthology.org/P08-1004.pdf,2008,"The Tradeoffs Between Open and Traditional Relation Extraction",,x,,,,x,,,,,,,,,,,,,,,,,,,,,,,,,,,,
A0,https://aclanthology.org/P08-1005.pdf,2008,"PDT 2.0 Requirements on a Query Language",,x,,,,,,,,,,,,,,,,x,,,,,,,,,,,,,,,,
A0,https://aclanthology.org/P08-1006.pdf,2008,"Task-oriented Evaluation of Syntactic Parsers and Their Representations",,x,,,,x,,,,,,,,,,,,,,,,,,,,,,,,,,,,
A0,https://aclanthology.org/P08-1007.pdf,2008,"MAXSIM: A Maximum Similarity Metric for Machine Translation Evaluation",,x,,,,x,x,x,,,,,,,x,,,,,,,,,,,,,,,,,,,
A0,https://aclanthology.org/P08-1008.pdf,2008,"Contradictions and Justifications: Extensions to the Textual Entailment Task",,x,,,,x,,,,,,,,,,,,,,,,,,,,,,,,,,,,
A0,https://aclanthology.org/P08-1009.pdf,2008,"Cohesive Phrase-based Decoding for Statistical Machine Translation",,x,,,,x,,x,,,,,,,,,,,,,,,,,,,,,,,,,,
A0,https://aclanthology.org/P08-1010.pdf,2008,"Phrase Table Training For Precision and Recall: What Makes a Good Phrase and a Good Phrase Pair?",,x,,,,x,,,,,,,,,,,,,,,,,,,,,,,,,,,,
A0,https://aclanthology.org/P09-1001.pdf,2009,"Heterogeneous Transfer Learning for Image Clustering via the SocialWeb",,x,,,,x,,,,x,,,,,,,,,,,,,,,,,,,,,,,,
A0,https://aclanthology.org/P09-1002.pdf,2009,"Investigations on Word Senses and Word Usages",,x,,,,x,,,,,,,,,,,,,,,,,,,,,,,,,,,,
A0,https://aclanthology.org/P09-1003.pdf,2009,"A Comparative Study on Generalization of Semantic Roles in FrameNet",,,,x,"FrameNet, PropBank (mais multilingues donc pas déductible ?)",x,,,,,,,,,,,,,,,,,,,,,,,,,,,,
A0,https://aclanthology.org/P09-1004.pdf,2009,"Unsupervised Argument Identification for Semantic Role Labeling",,x,,,"(d'autres langues citées mais sur travaux précédents)",x,,,,,,,,,x,,,,,,,,,,,,,,,,,,,
A0,https://aclanthology.org/P09-1005.pdf,2009,"Brutus: A Semantic Role Labeling System Incorporating CCG, CFG, andDependency Features",,,x,,"PropBank (vérifier si dans lremap monolg)",x,,,,,,,,,,,,,,,,,,,,,,,,,,,,
A0,https://aclanthology.org/P09-1006.pdf,2009,"Exploiting Heterogeneous Treebanks for Parsing",,x,,,,x,,,,x,,,,,,,,,,,,,,,,,,,,,,,,
A0,https://aclanthology.org/P09-1007.pdf,2009,"Cross Language Dependency Parsing using a Bilingual Lexicon",,x,,,,x,,,,x,,,,,,,,,,,,,,,,,,,,,,,,
A0,https://aclanthology.org/P09-1008.pdf,2009,"Topological Field Parsing of German",,x,,,,,x,,,,,,,,,,,,,,,,,,,,,,,,,,,
A0,https://aclanthology.org/P09-1009.pdf,2009,"Unsupervised Multilingual Grammar Induction",,x,,,,x,,,,x,,,x,,,,,,,,,,,,,,,,,,x,,,
A0,https://aclanthology.org/P09-1010.pdf,2009,"Reinforcement Learning for Mapping Instructions to Actions",x,,,,,,,,,,,,,,,,,,,,,,,,,,,,,,,,,
A0,https://aclanthology.org/P10-1001.pdf,2010,"Efficient Third-Order Dependency Parsers",,x,,,,x,,,,,,,,,,,,x,,,,,,,,,,,,,,,,
A0,https://aclanthology.org/P10-1002.pdf,2010,"Dependency Parsing and Projection Based on Word-Pair Classification",,x,,,,x,,,,x,,,,,,,,,,,,,,,,,,,,,,,,
A0,https://aclanthology.org/P10-1003.pdf,2010,"Bitext Dependency Parsing with Bilingual Subtree Constraints",,x,,,,x,,,,x,,,,,,,,,,,,,,,,,,,,,,,,
A0,https://aclanthology.org/P10-1004.pdf,2010,"Computing weakest readings",,,x,,"English Resource Grammar/Rondane treebank",x,,,,,,,,,,,,,,,,,,,,,,,,,,,,
A0,https://aclanthology.org/P10-1005.pdf,2010,"Identifying Generic Noun Phrases",,x,,,,x,,,,,,,,,,,,,,,,,,,,,,,,,,,,
A0,https://aclanthology.org/P10-1006.pdf,2010,"Structural Semantic Relatedness: A Knowledge-Based Method to  Named Entity Disambiguation",,x,,,,x,,,,,,,,,,,,,,,,,,,,,,,,,,,,
A0,https://aclanthology.org/P10-1007.pdf,2010,"Correcting errors in speech recognition with articulatory dynamics",,,,x,"torgo/mocha (corpus d'universités de Toronto et Edimbourg)",x,,,,,,,,,,,,,,,,,,,,,,,,,,,,
A0,https://aclanthology.org/P10-1008.pdf,2010,"Learning to Adapt to Unknown Users: Referring Expression Generation in Spoken Dialogue Systems",,,,x,"wizard of oz corpus (pas dans lremap)",x,,,,,,,,,,,,,,,,,,,,,,,,,,,,
A0,https://aclanthology.org/P10-1009.pdf,2010,"A Risk Minimization Framework for Extractive   Speech Summarization",,x,,,,,,,,x,,,,,,,,,,,,,,,,,,,,,,,,
A0,https://aclanthology.org/P10-1010.pdf,2010,"The Human Language Project: Building a Universal Corpus of the World’s Languages",x,,,,,,,,,,,,,,,,,,,,,,,,,,,,,,,,,
A0,https://aclanthology.org/P11-1001.pdf,2011,"A Word-Class Approach to Labeling PSCFG Rules for Machine Translation",,x,,,,x,,,,x,,,,,,,,,,,,,,,,,,,,,,,,
A0,https://aclanthology.org/P11-1002.pdf,2011,"Deciphering Foreign Language",,x,,,"(à visée ""universelle"" pour anglais/autre langue mais testé que sur anglais/esp)",x,,,,,,,,,x,,,,,,,,,,,,,,,,,,,
A0,https://aclanthology.org/P11-1003.pdf,2011,"Effective Use of Function Words for Rule Generalization in Forest-Based Translation",,x,,,,x,,,x,,,,,,,,,,,,,,,,,,,,,,,,,
A0,https://aclanthology.org/P11-1004.pdf,2011,"Combining Morpheme-based Machine Translation with Post-processing Morpheme Prediction",,x,,,,x,,,,,,,,,,,,,x,,,,,,,,,,,,,,,
A0,https://aclanthology.org/P11-1005.pdf,2011,"Evaluating the Impact of Coder Errors on Active Learning",,x,,,"(ou non-applicable car théorique/sur erreurs de code mais tests sur verbe allemand)",,x,,,,,,,,,,,,,,,,,,,,,,,,,,,
A0,https://aclanthology.org/P11-1006.pdf,2011,"A Fast and Accurate Method for Approximate String Search",,,,x,,x,,,,,,,,,,,,,,,,,,,,,,,,,,,,
A0,https://aclanthology.org/P11-1007.pdf,2011,"Domain Adaptation by Constraining Inter-Domain Variability of Latent Feature Representation",,,,x,,x,,,,,,,,,,,,,,,,,,,,,,,,,,,,
A0,https://aclanthology.org/P11-1008.pdf,2011,"Exact Decoding of Syntactic Translation Models through Lagrangian Relaxation",,x,,,,x,,,,x,,,,,,,,,,,,,,,,,,,,,,,,
A0,https://aclanthology.org/P11-1009.pdf,2011,"Jigs and Lures: Associating Web Queries with Structured Entities",,,,x,"imdb, amazon, yelp (multilingues), IMDB A VOIR ?",x,,,,,,,,,,,,,,,,,,,,,,,,,,,,
A0,https://aclanthology.org/P11-1010.pdf,2011,"Semi-Supervised SimHash for Efficient Document Similarity Search",,x,,,,x,,,,,,,,,,,,,,,,,,,,,,,,,,,,
A0,https://aclanthology.org/P12-1001.pdf,2012,"Learning to Translate with Multiple Objectives",,x,,,,x,,,x,x,,,,,,,,,,,,,,,,,,,,,,,,
A0,https://aclanthology.org/P12-1002.pdf,2012,"Joint Feature Selection in Distributed Stochastic Learning for Large-Scale Discriminative Training in SMT",,x,,,"(ou non-applicable car théorique)",x,x,,,,,,,,,,,,,,,,,,,,,,,,,,,
A0,https://aclanthology.org/P12-1003.pdf,2012,"Prediction of Learning Curves in Machine Translation",x,,,,"cite des couples de langues en légende de graphiques (courbes d'évaluation de test sets dans ces langues)",,,,,,,,,,,,,,,,,,,,,,,,,,,,,
A0,https://aclanthology.org/P12-1004.pdf,2012,"Probabilistic Integration of Partial Lexical Information for Noise Robust Haptic Voice Recognition",,x,,,,x,,,,,,,,,,,,,,,,,,,,,,,,,,,,
A0,https://aclanthology.org/P12-1005.pdf,2012,"A Nonparametric Bayesian Approach to Acoustic Model Discovery",,x,,,,x,,,,,,,,,,,,,,x,,,,,,,,,,,,,,
A0,https://aclanthology.org/P12-1006.pdf,2012,"Automated Essay Scoring Based on Finite State Transducer: towards ASR Transcription of Oral English Speech",,x,,,,x,,,,,,,,,,,,,,,,,,,,,,,,,,,,
A0,https://aclanthology.org/P12-1007.pdf,2012,"Text-level Discourse Parsing with Rich Linguistic Features",,,x,,"rst discourse treebank, penn discourse treebank",x,,,,,,,,,,,,,,,,,,,,,,,,,,,,
A0,https://aclanthology.org/P12-1008.pdf,2012,"PDTB-style Discourse Annotation of Chinese Text",,x,,,,,,,,x,,,,,,,,,,,,,,,,,,,,,,,,
A0,https://aclanthology.org/P12-1009.pdf,2012,"SITS: A Hierarchical Nonparametric Model using Speaker Identity for Topic Segmentation in Multiparty Conversations",,,x,,"icsi meeting corpus",x,,,,,,,,,,,,,,,,,,,,,,,,,,,,
A0,https://aclanthology.org/P12-1010.pdf,2012,"Extracting Narrative Timelines as Temporal Dependency Structures",,,,x,,x,,,,,,,,,,,,,,,,,,,,,,,,,,,,
A0,https://aclanthology.org/P13-1001.pdf,2013,"A Shift-Reduce Parsing Algorithm for Phrase-based String-to-Dependency Translation",,x,,,,x,,,,x,,,,,,,,,,,,,,,,,,,,,,,,
A0,https://aclanthology.org/P13-1002.pdf,2013,"Integrating Translation Memory into Phrase-Based Machine Translation during Decoding",,x,,,,x,,,,x,,,,,,,,,,,,,,,,,,,,,,,,
A0,https://aclanthology.org/P13-1003.pdf,2013,"Training Nondeficient Variants of IBM-3 and IBM-4 for Word Alignment",,x,,,,x,x,,,,,,,,x,,,,,,,,,,,,,,,,,,,
A0,https://aclanthology.org/P13-1004.pdf,2013,"Modelling Annotator Bias with Multi-task Gaussian Processes: An Application to Machine Translation Quality Estimation",,x,,,,x,,,,,,,,,x,,,,,,,,,,,,,,,,,,,
A0,https://aclanthology.org/P13-1005.pdf,2013,"Smoothed marginal distribution constraints for language modeling",x,,,,,,,,,,,,,,,,,,,,,,,,,,,,,,,,,
A0,https://aclanthology.org/P13-1006.pdf,2013,"Grounded Language Learning from Video Described with Sentences",,x,,,,x,,,,,,,,,,,,,,,,,,,,,,,,,,,,
A0,https://aclanthology.org/P13-1007.pdf,2013,"Plurality, Negation, and Quantification: Towards Comprehensive Quantifier Scope Disambiguation",,x,,,,x,,,,,,,,,,,,,,,,,,,,,,,,,,,,
A0,https://aclanthology.org/P13-1008.pdf,2013,"Joint Event Extraction via Structured Prediction with Global Features",,x,,,,x,,,,,,,,,,,,,,,,,,,,,,,,,,,,
A0,https://aclanthology.org/P13-1009.pdf,2013,"Language-Independent Discriminative Parsing of Temporal Expressions",,x,,,,x,,x,,x,,,x,,x,,,,,,,,,,x,,,,,,,,,
A0,https://aclanthology.org/P13-1010.pdf,2013,"Graph-based Local Coherence Modeling",,x,,,,x,,,,,,,,,,,,,,,,,,,,,,,,,,,,
A0,https://aclanthology.org/P14-1001.pdf,2014,"Learning Ensembles of Structured Prediction Rules",,x,,,"(ou n-a car théorie mais appliqué qu'à de l'anglais)",x,,,,,,,,,,,,,,,,,,,,,,,,,,,,
A0,https://aclanthology.org/P14-1002.pdf,2014,"Representation Learning for Text-level Discourse Parsing",,,x,,"rst discourse treebank",x,,,,,,,,,,,,,,,,,,,,,,,,,,,,
A0,https://aclanthology.org/P14-1003.pdf,2014,"Text-level Discourse Dependency Parsing",,,x,,rst,x,,,,,,,,,,,,,,,,,,,,,,,,,,,,
A0,https://aclanthology.org/P14-1004.pdf,2014,"Discovering Latent Structure in Task-Oriented Dialogues",,,,x,"cite corpus (dont exemples) pas dans lremap (créés pour l'article ? bustime et techsupport) ",x,,,,,,,,,,,,,,,,,,,,,,,,,,,,
A0,https://aclanthology.org/P14-1005.pdf,2014,"Learning Structured Perceptrons for Coreference Resolution with Latent Antecedents and Non-local Features",,x,,,,x,,,,x,,x,,,,,,,,,,,,,,,,,,,,,,
A0,https://aclanthology.org/P14-1006.pdf,2014,"Multilingual Models for Compositional Distributed Semantics",,x,,,,x,x,x,,,,,,,,,,,,,,,,,,,,,,,,,,
A0,https://aclanthology.org/P14-1007.pdf,2014,"Simple Negation Scope Resolution through Deep Parsing: A Semantic Solution to a Semantic Problem",,x,,,,x,,,,,,,,,,,,,,,,,,,,,,,,,,,,
A0,https://aclanthology.org/P14-1008.pdf,2014,"Logical Inference on Dependency-based Compositional Semantics",,,,x,,x,,,,,,,,,,,,,,,,,,,,,,,,,,,,
A0,https://aclanthology.org/P14-1009.pdf,2014,"A practical and linguistically-motivated approach to compositional distributional semantics",,x,,,,x,,,,,,,,,,,,,,,,,,,,,,,,,,,,
A0,https://aclanthology.org/P14-1010.pdf,2014,"Lattice Desegmentation for Statistical Machine Translation",,x,,,,x,,,,,,x,,,,,,,x,,,,,,,,,,,,,,,
A0,https://aclanthology.org/P15-1001.pdf,2015,"On Using Very Large Target Vocabulary for Neural Machine Translation",,x,,,,x,x,x,,,,,,,,,,,,,,,,,,,,,,,,,,
A0,https://aclanthology.org/P15-1002.pdf,2015,"Addressing the Rare Word Problem in Neural Machine Translation",,x,,,,x,,x,,,,,,,,,,,,,,,,,,,,,,,,,,
A0,https://aclanthology.org/P15-1003.pdf,2015,"Encoding Source Language with Convolutional Neural Network for Machine Translation",,x,,,,x,,,,x,,,,,,,,,,,,,,,,,,,,,,,,
A0,https://aclanthology.org/P15-1004.pdf,2015,"Statistical Machine Translation Features with Multitask Tensor Networks",,x,,,,x,,,,x,,x,,,,,,,,,,,,,,,,,,,,,,
A0,https://aclanthology.org/P15-1005.pdf,2015,"Describing Images using Inferred Visual Dependency Representations",,,,x,"sur images autoqmt décrites en anglais (juste une note de bas de page qui mentionne que les descriptions sont faites via Stanford POS tagger et english-bidirectional-distsim = pas dans lremap/multilg)",x,,,,,,,,,,,,,,,,,,,,,,,,,,,,
A0,https://aclanthology.org/P15-1006.pdf,2015,"Text to 3D Scene Generation with Rich Lexical Grounding",,,,x,,x,,,,,,,,,,,,,,,,,,,,,,,,,,,,
A0,https://aclanthology.org/P15-1007.pdf,2015,"MultiGranCNN: An Architecture for General Matching of Text Chunks on Multiple Levels of Granularity",,,,x,,x,,,,,,,,,,,,,,,,,,,,,,,,,,,,
A0,https://aclanthology.org/P15-1008.pdf,2015,"Weakly Supervised Models of Aspect-Sentiment for Online Course Discussion Forums",,,,x,,x,,,,,,,,,,,,,,,,,,,,,,,,,,,,
A0,https://aclanthology.org/P15-1009.pdf,2015,"Semantically Smooth Knowledge Graph Embedding",,,,x,"même pas sûre de la langue mais suppose anglais comme pas précisé ?",x,,,,,,,,,,,,,,,,,,,,,,,,,,,,
A0,https://aclanthology.org/P15-1010.pdf,2015,"SENSEMBED: Learning Sense Embeddings for Word and Relational Similarity",,x,,,,x,,,,,,,,,,,,,,,,,,,,,,,,,,,,
A0,https://aclanthology.org/P16-1001.pdf,2016,"Noise reduction and targeted exploration in imitation learning for Abstract Meaning Representation parsing",,,,x,"corpus cités multilingues/pas dans lremap",x,,,,,,,,,,,,,,,,,,,,,,,,,,,,
A0,https://aclanthology.org/P16-1002.pdf,2016,"Data Recombination for Neural Semantic Parsing",,,,x,"corpus pas dans lremap",x,,,,,,,,,,,,,,,,,,,,,,,,,,,,
A0,https://aclanthology.org/P16-1003.pdf,2016,"Inferring Logical Forms From Denotations",,,,x,"wikitablequestions pas dans lremap (pourrait être multilingue, ambigu)",x,,,,,,,,,,,,,,,,,,,,,,,,,,,,
A0,https://aclanthology.org/P16-1004.pdf,2016,"Language to Logical Form with Neural Attention",,x,,,"seulement dans formules type ""(omit) non-english""",x,,,,,,,,,,,,,,,,,,,,,,,,,,,,
A0,https://aclanthology.org/P16-1005.pdf,2016,"Unsupervised Person Slot Filling based on Graph Mining",,x,,,,x,,,,x,,,,,,,,,,,,,,,,,,,,,,,,
A0,https://aclanthology.org/P16-1006.pdf,2016,"A Multi-media Approach to Cross-lingual Entity Knowledge Transfer",,x,,,,x,,,,x,,,,,,,,,,,,,,,,,,,,,,x,,
A0,https://aclanthology.org/P16-1007.pdf,2016,"Models and Inference for Prefix-Constrained Machine Translation",,x,,,,x,x,,,,,,,,,,,,,,,,,,,,,,,,,,,
A0,https://aclanthology.org/P16-1008.pdf,2016,"Modeling Coverage for Neural Machine Translation",,x,,,,x,,,,x,,,,,,,,,,,,,,,,,,,,,,,,
A0,https://aclanthology.org/P16-1009.pdf,2016,"Improving Neural Machine Translation Models with Monolingual Data",,x,,,,x,x,,,,,,,,,,,,,,,,,,,,,x,,,,,,
A0,https://aclanthology.org/P16-1010.pdf,2016,"Graph-Based Translation Via Graph Segmentation",,x,,,,x,x,,,x,,,,,,,,,,,,,,,,,,,,,,,,
A0,https://aclanthology.org/P17-1001.pdf,2017,"Adversarial Multi-task Learning for Text Classification",,,,x,"noms de corpus multilingues et pas dans lremap (amazon, imdb, ...) - à voir",x,,,,,,,,,,,,,,,,,,,,,,,,,,,,
A0,https://aclanthology.org/P17-1002.pdf,2017,"Neural End-to-End Learning for Computational Argumentation Mining",,,,x,"présente un corpus mais sans préciser la langue explictement (""essays written in response to...'competition or cooperation -which is better?'"")",x,,,,,,,,,,,,,,,,,,,,,,,,,,,,
A0,https://aclanthology.org/P17-1003.pdf,2017,"Neural Symbolic Machines: Learning Semantic Parsers on Freebase with Weak Supervision",,,,x,"présente un corpus sans préciser la langue",x,,,,,,,,,,,,,,,,,,,,,,,,,,,,
A0,https://aclanthology.org/P17-1004.pdf,2017,"Neural Relation Extraction with Multi-lingual Attention",,x,,,,x,,,,x,,,,,,,,,,,,,,,,,,,,,,,,
A0,https://aclanthology.org/P17-1005.pdf,2017,"Learning Structured Natural Language Representations for Semantic Parsing",,,,x,"corpus multilingues/pas dans lremap",x,,,,,,,,,,,,,,,,,,,,,,,,,,,,
A0,https://aclanthology.org/P17-1006.pdf,2017,"Morph-fitting: Fine-Tuning Word Vector Spaces with Simple Language-Specific Rules",,x,,,,x,x,,,,,,,,,,x,,,,,,,,x,,,,,,,,,
A0,https://aclanthology.org/P17-1007.pdf,2017,"Skip-Gram – Zipf + Uniform = Vector Additivity",x,,,,,,,,,,,,,,,,,,,,,,,,,,,,,,,,,
A0,https://aclanthology.org/P17-1008.pdf,2017,"The State of the Art in Semantic Representation",,x,,,"ou non-applicable car ""état de l'art"" (mais précise bien quels travaux sont sur quelles langues à chaque fois etc, ""English-centric"")",x,x,,,,,,,,,,,,,,,,,,,,,,,,,,,
A0,https://aclanthology.org/P17-1009.pdf,2017,"Joint Learning for Event Coreference Resolution",,x,,,,x,,,,x,,,,,,,,,,,,,,,,,,,,,,,,
A0,https://aclanthology.org/P17-1010.pdf,2017,"Generating and Exploiting Large-scale Pseudo Training Data for Zero Pronoun Resolution",,x,,,,,,,,x,,,,,,,,,,,,,,,,,,,,,,,,
A0,https://aclanthology.org/P18-1001.pdf,2018,"Probabilistic FastText for Multi-Sense Word Embeddings",,x,,,,x,x,x,,,,,,,,,,,,,,,,,x,,,,,,,,,
A0,https://aclanthology.org/P18-1002.pdf,2018,"A La Carte Embedding: Cheap but Effective Induction of Semantic Feature Vectors",,,,x,"corpus multilingues/pas dans lremap",x,,,,,,,,,,,,,,,,,,,,,,,,,,,,
A0,https://aclanthology.org/P18-1003.pdf,2018,"Unsupervised Learning of Distributional Relation Vectors",,,x,,nyt,x,,,,,,,,,,,,,,,,,,,,,,,,,,,,
A0,https://aclanthology.org/P18-1004.pdf,2018,"Explicit Retrofitting of Distributional Word Vectors",,x,,,,x,x,,,,,,,,,,,,,,,,,,x,x,,,,,,,,
A0,https://aclanthology.org/P18-1005.pdf,2018,"Unsupervised Neural Machine Translation with Weight Sharing",,x,,,,x,x,x,,x,,,,,,,,,,,,,,,,,,,,,,,,
A0,https://aclanthology.org/P18-1006.pdf,2018,"Triangular Architecture for Rare Language Translation",,x,,,,x,,x,,,,x,,,x,,,,,,,,,,,,,,x,,,,x,
A0,https://aclanthology.org/P18-1007.pdf,2018,"Subword Regularization: Improving Neural Network Translation Models with Multiple Subword Candidates",,x,,,"langues détaillées dans un tableau avec codes iso",x,x,x,x,x,,x,,,,,,x,,,,,,,,,,,,,,,,x
A0,https://aclanthology.org/P18-1008.pdf,2018,"The Best of Both Worlds: Combining Recent Advances in Neural Machine Translation",,x,,,,x,x,x,,,,,,,,,,,,,,,,,,,,,,,,,,
A0,https://aclanthology.org/P18-1009.pdf,2018,"Ultra-Fine Entity Typing",,,,x,,x,,,,,,,,,,,,,,,,,,,,,,,,,,,,
A0,https://aclanthology.org/P18-1010.pdf,2018,"Hierarchical Losses and New Resources for Fine-grained Entity Typing and Linking",,,,x,,x,,,,,,,,,,,,,,,,,,,,,,,,,,,,
A0,https://aclanthology.org/P19-1001.pdf,2019,"One Time of Interaction May Not Be Enough: Go Deep with an Interaction-over-Interaction Network for Response Selection in Dialogues",,x,,,,x,,,,x,,,,,,,,,,,,,,,,,,,,,,,,
A0,https://aclanthology.org/P19-1002.pdf,2019,"Incremental Transformer with Deliberation Decoder for Document Grounded Conversations",,,,x,"présente un corpus avec des phrases d'ex mais sans préciser la langue",x,,,,,,,,,,,,,,,,,,,,,,,,,,,,
A0,https://aclanthology.org/P19-1003.pdf,2019,"Improving Multi-turn Dialogue Modelling with Utterance ReWriter",,x,,,,,,,,x,,,,,,,,,,,,,,,,,,,,,,,,
A0,https://aclanthology.org/P19-1004.pdf,2019,"Do Neural Dialog Systems Use the Conversation History Effectively? An Empirical Study",,,,x,"corpus pas dans lremap (liens vers d'autres articles)",x,,,,,,,,,,,,,,,,,,,,,,,,,,,,
A0,https://aclanthology.org/P19-1005.pdf,2019,"Boosting Dialog Response Generation",,,,x,"corpus pas dans lremap mais phrases d'ex",x,,,,,,,,,,,,,,,,,,,,,,,,,,,,
A0,https://aclanthology.org/P19-1006.pdf,2019,"Constructing Interpretive Spatio-Temporal Features for Multi-Turn Responses Selection",,,,x,"ubuntu corpus (pas dans lremap mais revient souvent : à ajouter ?)",x,,,,,,,,,,,,,,,,,,,,,,,,,,,,
A0,https://aclanthology.org/P19-1007.pdf,2019,"Semantic Parsing with Dual Learning",,,x,,"atis/overnight datasets (pas dans lremap)",x,,,,,,,,,,,,,,,,,,,,,,,,,,,,
A0,https://aclanthology.org/P19-1008.pdf,2019,"Semantic expressive capacity with bounded memory",x,,,,"juste 2 phrases en allemand (précisé) mais théorique",,,,,,,,,,,,,,,,,,,,,,,,,,,,,
A0,https://aclanthology.org/P19-1009.pdf,2019,"AMR Parsing as Sequence-to-Graph Transduction",,,,x,,x,,,,,,,,,,,,,,,,,,,,,,,,,,,,
A0,https://aclanthology.org/P19-1010.pdf,2019,"Generating Logical Forms from Graph Representations of Text and Entities",,,x,,atis,x,,,,,,,,,,,,,,,,,,,,,,,,,,,,
A0,https://aclanthology.org/2020.acl-main.1.pdf,2020,"Learning to Understand Child-directed and Adult-directed Speech",,x,,,"""this dataset.... ; it is in English"" (clair)",x,,,,,,,,,,,,,,,,,,,,,,,,,,,,
A0,https://aclanthology.org/2020.acl-main.2.pdf,2020,"Predicting Depression in Screening Interviews from Latent Categorization of Interview Prompts",,,,x,"distress analysis interview corpus (daic) pas dans lremap + ""US adults""",x,,,,,,,,,,,,,,,,,,,,,,,,,,,,
A0,https://aclanthology.org/2020.acl-main.3.pdf,2020,"Coach: A Coarse-to-Fine Approach for Cross-domain Slot Filling",,x,,,,x,,,,,,,,,,,,,,,,,,,,,,,,,,,,
A0,https://aclanthology.org/2020.acl-main.4.pdf,2020,"Designing Precise and Robust Dialogue Response Evaluators",,,,x,"DailyDialog et PersonaChat pas dans lremap (mais dans plusieurs articles annotés donc à voir)",x,,,,,,,,,,,,,,,,,,,,,,,,,,,,
A0,https://aclanthology.org/2020.acl-main.5.pdf,2020,"Dialogue State Tracking with Explicit Slot Connection Modeling",,,,x,"multiwoz (pas dans lremap)",x,,,,,,,,,,,,,,,,,,,,,,,,,,,,
A0,https://aclanthology.org/2020.acl-main.6.pdf,2020,"Generating Informative Conversational Response using Recurrent Knowledge-Interaction and Knowledge-Copy",,x,,,,x,,,,x,,,,,,,,,,,,,,,,,,,,,,,,
A0,https://aclanthology.org/2020.acl-main.7.pdf,2020,"Guiding Variational Response Generator to Exploit Persona",,x,,,,x,,,,x,,,,,,,,,,,,,,,,,,,,,,,,
A0,https://aclanthology.org/2020.acl-main.8.pdf,2020,"Large Scale Multi-Actor Generative Dialog Modeling",,,,x,,x,,,,,,,,,,,,,,,,,,,,,,,,,,,,
A0,https://aclanthology.org/2020.acl-main.9.pdf,2020,"PLATO: Pre-trained Dialogue Generation Model with Discrete Latent Variable",,,,x,"dailydialog, persona-chat (pas dans lremap mais à ajouter ?)",x,,,,,,,,,,,,,,,,,,,,,,,,,,,,
A0,https://aclanthology.org/2020.acl-main.10.pdf,2020,"Slot-consistent NLG for Task-oriented Dialogue Systems with Iterative Rectification Network",,,,x,"noms de données pas dans lremap (""laptop"", ""television"", ""sf hotel"", ...)",x,,,,,,,,,,,,,,,,,,,,,,,,,,,,
